{"profitability": 43.133059815853976, "variance": 0.3261030833853691, "consistency": 0.7123834928256626, "drawdown": 0.13727281615423906, "sharpe_ratio": 1.3003310158791688, "edge_discovery": 0.18344293193577582, "deployment_win_rate": 0.632554066021202}