{"profitability": 19.94322344504323, "variance": 0.30118692984179174, "consistency": 0.8531519050737675, "drawdown": 0.1197970134750684, "sharpe_ratio": 1.4431897437036705, "edge_discovery": 0.4555187242380564, "deployment_win_rate": 0.7505406027182207}